-- Insert referrals
insert into public.referral (id, person_name, crn, created_at, intervention_type, intervention_name, setting, event_id,
                             event_number, cohort, sourced_from, sentence_end_date, sex, date_of_birth)
values ('97888102-ed40-4aed-87e6-147c9c7fb0b2', 'Edmond Sawayn', 'X970131', '2025-11-28 14:01:13.123343', 'ACP',
        'Building Choices', 'COMMUNITY', '2500873924', 1, 'GENERAL_OFFENCE', 'REQUIREMENT', '2026-05-26', 'Male',
        '2001-04-22'),
       ('b986e676-12d3-405a-a728-f184aad0342b', 'Charlene Morissette', 'X970651', '2025-12-03 12:12:04.025840', 'ACP',
        'Building Choices', 'COMMUNITY', '2500875429', 1, 'GENERAL_OFFENCE', 'REQUIREMENT', '2026-06-01', 'Female',
        '1975-10-22'),
       ('745b5cc6-4bd4-496a-841a-227dec071ad1', 'Lyle Barton', 'X970652', '2025-12-03 12:12:10.654409', 'ACP',
        'Building Choices', 'COMMUNITY', '2500875430', 1, 'GENERAL_OFFENCE', 'REQUIREMENT', '2026-06-01', 'Male',
        '1986-07-14'),
       ('39fde7e8-d2e3-472b-8364-5848bf673aa6', 'One Intev', 'X945794', '2025-07-18 10:19:17.170911', 'ACP',
        'Building Choices', 'COMMUNITY', null, 1, 'GENERAL_OFFENCE', 'REQUIREMENT', '2026-04-30', 'Male', '1993-01-01'),
       ('cc81a437-fec0-447b-860a-230e4f12fbf4', 'Hannah Schinner', 'X970557', '2025-12-03 09:19:30.024220', 'ACP',
        'Building Choices', 'COMMUNITY', '2500875416', 1, 'GENERAL_OFFENCE', 'REQUIREMENT', '2026-05-31', 'Female',
        '1980-05-20'),
       ('21ca9b65-c679-4884-a6dc-7ddbb7b89119', 'Derek Lowe', 'X970572', '2025-12-03 10:29:59.483325', 'ACP',
        'Building Choices', 'COMMUNITY', '2500875420', 1, 'GENERAL_OFFENCE', 'REQUIREMENT', '2026-05-31', 'Male',
        '1964-05-08'),
       ('ede94f6c-8f56-4ffc-93ff-f69fecfcca2d', 'Luke Kovacek', 'X970658', '2025-12-03 13:09:57.006243', 'ACP',
        'Building Choices', 'COMMUNITY', '2500875432', 1, 'GENERAL_OFFENCE', 'REQUIREMENT', '2026-05-31', 'Male',
        '1961-01-04'),
       ('94e824e0-8ca7-4e31-8069-432f120c7af7', 'Andy Greenfelder', 'X971102', '2025-12-08 15:13:23.266499', 'ACP',
        'Building Choices', 'COMMUNITY', '2500876919', 1, 'GENERAL_OFFENCE', 'REQUIREMENT', '2026-06-06', 'Male',
        '2001-01-18'),
       ('101f29fe-026f-481b-aa6c-c2cb7d4e3d85', 'Clarence Quitzon', 'X970258', '2025-11-02 15:43:56.935717', 'ACP',
        'Building Choices', 'COMMUNITY', '2500874909', 1, 'GENERAL_OFFENCE', 'REQUIREMENT', '2026-05-31', 'Male',
        '1962-11-25'),
       ('3dd44362-8bd0-4345-9de4-1590475f624e', 'Erma Spinka', 'X970502', '2025-12-02 16:01:22.347561', 'ACP',
        'Building Choices', 'COMMUNITY', '2500874949', 1, 'GENERAL_OFFENCE', 'REQUIREMENT', '2026-05-31', 'Female',
        '1969-10-22'),
       ('2c1f9bfe-8388-4028-ae8d-d3cfb76d74f1', 'Roosevelt Feest', 'X970559', '2025-12-03 09:36:46.619192', 'ACP',
        'Building Choices', 'COMMUNITY', '2500875417', 1, 'GENERAL_OFFENCE', 'REQUIREMENT', '2026-06-01', 'Male',
        '1979-09-26'),
       ('4573fa93-af3f-4a5c-a109-9811ecd81dc0', 'Francis Ankunding', 'X970573', '2025-12-03 10:43:49.248378', 'ACP',
        'Building Choices', 'COMMUNITY', '2500875421', 1, 'GENERAL_OFFENCE', 'REQUIREMENT', '2026-05-31', 'Male',
        '1995-11-13'),
       ('64202ae4-d40b-4ac4-ae44-c0087048dbb8', 'Ryan Hermiston', 'X971119', '2025-12-08 16:35:05.775896', 'ACP',
        'Building Choices', 'COMMUNITY', '2500876920', 1, 'GENERAL_OFFENCE', 'REQUIREMENT', '2026-06-06', 'Male',
        '1989-07-13'),
       ('502f6320-3513-4d16-a9bf-428c41bbee5d', 'Leon Botsford', 'X970260', '2025-11-02 15:43:56.935717', 'ACP',
        'Building Choices', 'COMMUNITY', '2500874910', 1, 'GENERAL_OFFENCE', 'REQUIREMENT', '2026-05-31', 'Male',
        '1974-03-10'),
       ('f630dc77-60d9-49e6-9f1a-e094ac3389c0', 'Samantha Wiza', 'X970660', '2025-12-03 13:19:54.120854', 'ACP',
        'Building Choices', 'COMMUNITY', '2500875433', 1, 'GENERAL_OFFENCE', 'REQUIREMENT', '2026-06-01', 'Female',
        '1956-05-10'),
       ('e327ed03-86da-4480-a9fc-2bfe81526ad2', 'Tamara Fisher', 'X970261', '2025-11-02 15:43:56.935717', 'ACP',
        'Building Choices', 'COMMUNITY', '2500874911', 1, 'GENERAL_OFFENCE', 'REQUIREMENT', '2026-05-29', 'Female',
        '1960-09-04'),
       ('d855fe22-906e-44fd-bb2e-f0ed169bb9a7', 'Nelson Bailey', 'X970561', '2025-12-03 09:44:47.258547', 'ACP',
        'Building Choices', 'COMMUNITY', '2500875418', 1, 'GENERAL_OFFENCE', 'REQUIREMENT', '2026-05-31', 'Male',
        '1966-11-28'),
       ('5f58d0b0-cd6b-4f13-826a-c4a9e40d3795', 'Rosemarie Franey', 'X970563', '2025-12-03 09:52:49.752992', 'ACP',
        'Building Choices', 'COMMUNITY', '2500875419', 1, 'GENERAL_OFFENCE', 'REQUIREMENT', '2026-05-31', 'Female',
        '2003-06-12'),
       ('e1bd9ab4-2490-41a0-9811-bacd68071b4f', 'Cody Ward', 'X970640', '2025-12-03 11:37:34.046048', 'ACP',
        'Building Choices', 'COMMUNITY', '2500875427', 1, 'GENERAL_OFFENCE', 'REQUIREMENT', '2026-06-01', 'Male',
        '1976-01-19'),
       ('be81fe61-aaef-49ac-9be6-09cd469a2431', 'Shelia Maggio', 'X970662', '2025-12-03 13:31:09.814334', 'ACP',
        'Building Choices', 'COMMUNITY', '2500875434', 1, 'GENERAL_OFFENCE', 'REQUIREMENT', '2026-06-01', 'Female',
        '2004-03-20'),
       ('2fa41b1e-44a1-4638-9a31-6d6ea6d7c242', 'Clinton Nolan', 'X970664', '2025-12-03 13:40:38.198584', 'ACP',
        'Building Choices', 'COMMUNITY', '2500875435', 1, 'GENERAL_OFFENCE', 'REQUIREMENT', '2026-05-31', 'Male',
        '1972-03-01'),
       ('a51c9c18-1e93-425e-b674-bd597ae9680d', 'Eula Kautzer', 'X970644', '2025-12-03 11:52:31.200633', 'ACP',
        'Building Choices', 'COMMUNITY', '2500875428', 1, 'GENERAL_OFFENCE', 'REQUIREMENT', '2026-06-01', 'Female',
        '1969-01-01'),
       ('80f8645c-f395-4cd8-95db-02d4f50c2f3a', 'Stewart Crooks', 'X970767', '2025-12-04 14:54:18.587456', 'ACP',
        'Building Choices', 'COMMUNITY', '2500875915', 1, 'GENERAL_OFFENCE', 'REQUIREMENT', '2026-06-01', 'Male',
        '1979-04-03'),
       ('be2722cd-ebcf-4cc7-9b0f-c6e01b7a4d5e', 'Johnathan Morar', 'X970360', '2025-11-02 15:43:56.935717', 'ACP',
        'Building Choices', 'COMMUNITY', '2500874915', 1, 'GENERAL_OFFENCE', 'REQUIREMENT', '2026-05-31', 'Male',
        '1963-07-03'),
       ('6b2d701c-9401-4469-9d33-2ceae02a9e88', 'Benny Bechtelar', 'X970768', '2025-12-04 14:58:29.523070', 'ACP',
        'Building Choices', 'COMMUNITY', '2500875916', 1, 'GENERAL_OFFENCE', 'REQUIREMENT', '2026-06-02', 'Male',
        '1958-05-08'),
       ('d0dedb0b-6129-4853-9aeb-2b3a74a7b159', 'Rachel Ryan', 'X970394', '2025-12-02 15:47:15.732921', 'ACP',
        'Building Choices', 'COMMUNITY', '2500874926', 1, 'GENERAL_OFFENCE', 'REQUIREMENT', '2026-05-31', 'Female',
        '1976-08-20')
on conflict (id) do nothing;

-- ============================================================
-- referral_status_history
-- ============================================================

insert into public.referral_status_history (id, created_at, created_by, start_date, referral_status_description_id,
                                            referral_id, additional_details)
values ('6e3207fc-b86f-4695-bb80-a8b1b8909d1b', '2025-11-28 14:01:13.126744', 'SYSTEM', '2025-11-28 14:01:13.126727',
        '76b2f8d8-260c-4766-a716-de9325292609', '97888102-ed40-4aed-87e6-147c9c7fb0b2', null),
       ('22b34f05-a72b-4ddf-8416-debf6b3d81d0', '2025-12-03 09:44:47.259553', 'SYSTEM', '2025-12-03 09:44:47.259542',
        '76b2f8d8-260c-4766-a716-de9325292609', 'd855fe22-906e-44fd-bb2e-f0ed169bb9a7', null),
       ('805a4c06-af48-47bb-b9cb-0e01413b96f7', '2025-12-03 11:52:31.201603', 'SYSTEM', '2025-12-03 11:52:31.201595',
        '76b2f8d8-260c-4766-a716-de9325292609', 'a51c9c18-1e93-425e-b674-bd597ae9680d', null),
       ('4fe4c177-7432-4e36-9479-1427708ba2bf', '2025-12-03 13:40:38.199531', 'SYSTEM', '2025-12-03 13:40:38.199525',
        '76b2f8d8-260c-4766-a716-de9325292609', '2fa41b1e-44a1-4638-9a31-6d6ea6d7c242', null),
       ('f9c18bef-b3c1-44f3-be39-d66b32ace2ab', '2025-12-08 16:35:05.778018', 'SYSTEM', '2025-12-08 16:35:05.778004',
        '76b2f8d8-260c-4766-a716-de9325292609', '64202ae4-d40b-4ac4-ae44-c0087048dbb8', null),
       ('59e7063d-d158-4ad9-ac2a-28db46587a4f', '2025-12-11 08:44:01.847776', 'REFER_MONITOR_PP', null,
        '5540420d-7754-41aa-b985-3d1d11597cc9', 'e1bd9ab4-2490-41a0-9811-bacd68071b4f', ''),
       ('7af1bc02-d640-4f43-968b-b3397b58ceb5', '2025-12-23 07:04:24.316022', 'REFER_MONITOR_PP', null,
        '70b1ae27-2322-4775-81e0-86fa5cc7d477', 'e1bd9ab4-2490-41a0-9811-bacd68071b4f', 'has started'),
       ('f4c18afd-85fa-4f20-87a4-49075f13cae2', '2025-12-24 12:15:06.763418', 'REFER_MONITOR_PP', null,
        '5540420d-7754-41aa-b985-3d1d11597cc9', '2fa41b1e-44a1-4638-9a31-6d6ea6d7c242', ''),
       ('e4913d77-dedf-4c72-94b2-5350072a5e79', '2026-01-02 10:53:22.133112', 'REFER_MONITOR_PP', null,
        '5540420d-7754-41aa-b985-3d1d11597cc9', 'ede94f6c-8f56-4ffc-93ff-f69fecfcca2d', ''),
       ('f676f78a-7460-49d2-bddc-8d8362d900ae', '2026-01-02 10:55:04.072954', 'REFER_MONITOR_PP', null,
        '69cfa202-47b6-4ae6-8175-69291b6acaaa', 'a51c9c18-1e93-425e-b674-bd597ae9680d', ''),
       ('fd115af6-57dc-43e3-98f8-68e1454d2db8', '2026-01-02 10:55:21.060782', 'REFER_MONITOR_PP', null,
        'bb1e8c72-cf52-4297-94a4-3745c2a25178', 'a51c9c18-1e93-425e-b674-bd597ae9680d', ''),
       ('45ff223d-a817-43a7-86db-85c2a9050668', '2026-01-02 10:56:30.762113', 'REFER_MONITOR_PP', null,
        '5540420d-7754-41aa-b985-3d1d11597cc9', '2c1f9bfe-8388-4028-ae8d-d3cfb76d74f1', ''),
       ('5c5bb0b0-e695-42fa-b60d-e5fee7e7379d', '2025-09-22 11:27:30.330772', 'SYSTEM', '2025-09-22 11:27:30.330772',
        '76b2f8d8-260c-4766-a716-de9325292609', '39fde7e8-d2e3-472b-8364-5848bf673aa6', null),
       ('634f86a1-df4f-4151-b159-f4f4acf18cec', '2025-09-25 11:15:26.369615', 'REFER_MONITOR_PP', null,
        'bb1e8c72-cf52-4297-94a4-3745c2a25178', '39fde7e8-d2e3-472b-8364-5848bf673aa6', ''),
       ('7d8f8bd2-5d2c-4baf-8112-72140ee593c2', '2025-09-25 12:18:46.865691', 'REFER_MONITOR_PP', null,
        '5540420d-7754-41aa-b985-3d1d11597cc9', '39fde7e8-d2e3-472b-8364-5848bf673aa6', ''),
       ('55506ec4-63d1-4bad-a2e4-fdf2c2257850', '2025-09-25 19:57:35.566671', 'REFER_MONITOR_PP', null,
        'aec91cd3-fba0-40a4-a5c6-7578b596af75', '39fde7e8-d2e3-472b-8364-5848bf673aa6', ''),
       ('f5a0d49c-ba65-4ebd-b726-174eed76f78f', '2025-09-30 10:02:08.177689', 'REFER_MONITOR_PP', null,
        '76b2f8d8-260c-4766-a716-de9325292609', '39fde7e8-d2e3-472b-8364-5848bf673aa6', 'Test'),
       ('41eed6e2-c169-4e49-90e1-7c08bead8166', '2025-09-30 10:02:47.473789', 'REFER_MONITOR_PP', null,
        'e9fb9e3a-147b-4f26-aa0c-d852db4b7fef', '39fde7e8-d2e3-472b-8364-5848bf673aa6', 'return to court'),
       ('a78729b2-dd91-4e91-8804-4b7b98276cd6', '2025-12-03 09:19:30.025164', 'SYSTEM', '2025-12-03 09:19:30.025156',
        '76b2f8d8-260c-4766-a716-de9325292609', 'cc81a437-fec0-447b-860a-230e4f12fbf4', null),
       ('a8104ea6-fca6-45b9-8faf-efd70e846a1c', '2025-10-02 09:53:09.822429', 'REFER_MONITOR_PP', null,
        '1b476286-2fba-41b4-a1e5-35439ef63270', '39fde7e8-d2e3-472b-8364-5848bf673aa6', ''),
       ('67a6b924-f247-4879-a12f-33d4ae454766', '2025-09-30 10:02:13.936740', 'REFER_MONITOR_PP', null,
        '1b476286-2fba-41b4-a1e5-35439ef63270', '39fde7e8-d2e3-472b-8364-5848bf673aa6', 'test 1'),
       ('f3b84e8f-9b7d-437a-88c3-f67e304d2fe9', '2025-12-03 09:52:49.753725', 'SYSTEM', '2025-12-03 09:52:49.753720',
        '76b2f8d8-260c-4766-a716-de9325292609', '5f58d0b0-cd6b-4f13-826a-c4a9e40d3795', null),
       ('0ca61f24-54d4-497a-b757-fc653f3a51e1', '2025-12-03 13:19:54.121848', 'SYSTEM', '2025-12-03 13:19:54.121839',
        '76b2f8d8-260c-4766-a716-de9325292609', 'f630dc77-60d9-49e6-9f1a-e094ac3389c0', null),
       ('278d3d98-2f4b-447c-90f6-0f910359bb19', '2025-12-09 12:48:26.314930', 'REFER_MONITOR_PP', null,
        '5540420d-7754-41aa-b985-3d1d11597cc9', 'e1bd9ab4-2490-41a0-9811-bacd68071b4f', ''),
       ('af067ebc-a35b-47b0-90b4-ebef49f491ae', '2025-12-09 12:48:57.553502', 'REFER_MONITOR_PP', null,
        'bb1e8c72-cf52-4297-94a4-3745c2a25178', 'e1bd9ab4-2490-41a0-9811-bacd68071b4f', ''),
       ('3fd3d366-75b9-42c6-950a-a8b60ccfe9bb', '2026-01-02 17:47:47.993921', 'REFER_MONITOR_PP', null,
        '70b1ae27-2322-4775-81e0-86fa5cc7d477', '2c1f9bfe-8388-4028-ae8d-d3cfb76d74f1', ''),
       ('faa5bdf1-a3ce-4622-b1e6-7be25dcb8c67', '2025-12-03 09:36:46.620199', 'SYSTEM', '2025-12-03 09:36:46.620193',
        '76b2f8d8-260c-4766-a716-de9325292609', '2c1f9bfe-8388-4028-ae8d-d3cfb76d74f1', null),
       ('49357117-43d2-4eaf-8683-8b8f440b480d', '2025-12-03 10:29:59.488303', 'SYSTEM', '2025-12-03 10:29:59.488283',
        '76b2f8d8-260c-4766-a716-de9325292609', '21ca9b65-c679-4884-a6dc-7ddbb7b89119', null),
       ('0e0db82b-9717-433b-9d50-beaa9ed1dbcf', '2025-12-03 11:37:34.051725', 'SYSTEM', '2025-12-03 11:37:34.051707',
        '76b2f8d8-260c-4766-a716-de9325292609', 'e1bd9ab4-2490-41a0-9811-bacd68071b4f', null),
       ('1db810ee-fc3d-458e-9651-30344a4dc1ce', '2025-12-03 12:12:04.026725', 'SYSTEM', '2025-12-03 12:12:04.026717',
        '76b2f8d8-260c-4766-a716-de9325292609', 'b986e676-12d3-405a-a728-f184aad0342b', null),
       ('7a17fb9b-6e89-4138-908b-a31e7945cc1b', '2025-12-03 12:12:10.655256', 'SYSTEM', '2025-12-03 12:12:10.655250',
        '76b2f8d8-260c-4766-a716-de9325292609', '745b5cc6-4bd4-496a-841a-227dec071ad1', null),
       ('5370b1fd-77c9-47f4-815c-7bafe40d5803', '2025-12-04 14:54:18.632235', 'SYSTEM', '2025-12-04 14:54:18.632219',
        '76b2f8d8-260c-4766-a716-de9325292609', '80f8645c-f395-4cd8-95db-02d4f50c2f3a', null),
       ('f757fe76-820a-4286-aa8f-5a077b1eef47', '2025-12-08 09:53:18.826942', 'REFER_MONITOR_PP', null,
        'bb1e8c72-cf52-4297-94a4-3745c2a25178', 'a51c9c18-1e93-425e-b674-bd597ae9680d', ''),
       ('f7dd9d02-d465-433e-bccf-a0715c3a673e', '2025-12-08 09:53:59.825624', 'REFER_MONITOR_PP', null,
        'bb1e8c72-cf52-4297-94a4-3745c2a25178', 'e1bd9ab4-2490-41a0-9811-bacd68071b4f', ''),
       ('d0523013-bd6a-4967-bd3e-6822f561dcaf', '2025-12-09 13:17:13.688170', 'REFER_MONITOR_PP', null,
        '5540420d-7754-41aa-b985-3d1d11597cc9', 'e1bd9ab4-2490-41a0-9811-bacd68071b4f', 'Some notes here'),
       ('370fac0c-dfe9-42be-af24-f2b8b8cde6a7', '2025-12-09 13:17:50.674307', 'REFER_MONITOR_PP', null,
        'bb1e8c72-cf52-4297-94a4-3745c2a25178', 'e1bd9ab4-2490-41a0-9811-bacd68071b4f', ''),
       ('76259d07-fe6d-45cb-8053-7b14b0c7ec89', '2025-12-23 07:01:42.532194', 'REFER_MONITOR_PP', null,
        'bb1e8c72-cf52-4297-94a4-3745c2a25178', 'e1bd9ab4-2490-41a0-9811-bacd68071b4f', ''),
       ('e3aac999-4754-4fb9-b8fa-bef60fce51eb', '2025-12-23 07:02:23.747337', 'REFER_MONITOR_PP', null,
        '70b1ae27-2322-4775-81e0-86fa5cc7d477', 'e1bd9ab4-2490-41a0-9811-bacd68071b4f', 'some info'),
       ('67ef9b8d-cc2f-47a6-81ca-40f5dd2e525e', '2025-12-23 07:03:54.521057', 'REFER_MONITOR_PP', null,
        '5540420d-7754-41aa-b985-3d1d11597cc9', 'e1bd9ab4-2490-41a0-9811-bacd68071b4f', ''),
       ('bb0a9e3d-0564-4c25-bba1-f43b33241524', '2025-12-24 12:10:46.033013', 'REFER_MONITOR_PP', null,
        'bb1e8c72-cf52-4297-94a4-3745c2a25178', '2fa41b1e-44a1-4638-9a31-6d6ea6d7c242', ''),
       ('d8176ea6-76f5-4db6-9ba3-5f844178a8e7', '2025-12-03 10:43:49.250800', 'SYSTEM', '2025-12-03 10:43:49.250782',
        '76b2f8d8-260c-4766-a716-de9325292609', '4573fa93-af3f-4a5c-a109-9811ecd81dc0', null),
       ('a1003cec-399c-4ebc-91b3-28f21a943f30', '2025-12-03 13:09:57.044075', 'SYSTEM', '2025-12-03 13:09:57.044056',
        '76b2f8d8-260c-4766-a716-de9325292609', 'ede94f6c-8f56-4ffc-93ff-f69fecfcca2d', null),
       ('b1f0f9d2-8570-403c-93ff-235607811edd', '2025-12-03 13:31:09.815448', 'SYSTEM', '2025-12-03 13:31:09.815439',
        '76b2f8d8-260c-4766-a716-de9325292609', 'be81fe61-aaef-49ac-9be6-09cd469a2431', null),
       ('44ee6526-ab24-45e7-bb5d-ff57e6b51062', '2025-12-04 14:58:29.525427', 'SYSTEM', '2025-12-04 14:58:29.525408',
        '76b2f8d8-260c-4766-a716-de9325292609', '6b2d701c-9401-4469-9d33-2ceae02a9e88', null),
       ('9a19fdd3-c3bb-43cf-8a0f-e9002fc0f0d6', '2025-12-08 15:13:23.268547', 'SYSTEM', '2025-12-08 15:13:23.268533',
        '76b2f8d8-260c-4766-a716-de9325292609', '94e824e0-8ca7-4e31-8069-432f120c7af7', null),
       ('3e71889e-774f-4861-9822-e9f8bef5270a', '2025-12-10 10:41:06.799249', 'REFER_MONITOR_PP', null,
        '5540420d-7754-41aa-b985-3d1d11597cc9', 'a51c9c18-1e93-425e-b674-bd597ae9680d', ''),
       ('7cea89a3-6b8e-4b59-a609-0a7e28953e0a', '2025-12-18 15:20:42.093633', 'REFER_MONITOR_PP', null,
        'e9fb9e3a-147b-4f26-aa0c-d852db4b7fef', 'a51c9c18-1e93-425e-b674-bd597ae9680d', ''),
       ('5b51ab41-94a4-4e84-a8c3-cc1919fd87dd', '2025-12-23 07:02:09.096318', 'REFER_MONITOR_PP', null,
        '5540420d-7754-41aa-b985-3d1d11597cc9', 'e1bd9ab4-2490-41a0-9811-bacd68071b4f', ''),
       ('87f49b1d-45bc-4bee-9b2f-7474aedd04ef', '2025-12-23 07:03:12.209177', 'REFER_MONITOR_PP', null,
        '76b2f8d8-260c-4766-a716-de9325292609', 'e1bd9ab4-2490-41a0-9811-bacd68071b4f', 'assessment needed'),
       ('c937f405-58a0-43b6-bcc2-1d95e5732099', '2025-12-23 07:03:45.319630', 'REFER_MONITOR_PP', null,
        'bb1e8c72-cf52-4297-94a4-3745c2a25178', 'e1bd9ab4-2490-41a0-9811-bacd68071b4f', 'Ready to be allocated'),
       ('1edd11b1-1ce9-4b5a-9b67-8592ba2b8118', '2025-12-24 12:11:03.312328', 'REFER_MONITOR_PP', null,
        'bb1e8c72-cf52-4297-94a4-3745c2a25178', '94e824e0-8ca7-4e31-8069-432f120c7af7', ''),
       ('9e91e641-620c-4add-b259-5d72e1d24198', '2025-12-24 12:11:18.078577', 'REFER_MONITOR_PP', null,
        'bb1e8c72-cf52-4297-94a4-3745c2a25178', 'ede94f6c-8f56-4ffc-93ff-f69fecfcca2d', ''),
       ('dedebff4-c908-4fe8-aeee-061fc920db5b', '2025-12-24 12:11:42.615842', 'REFER_MONITOR_PP', null,
        '5540420d-7754-41aa-b985-3d1d11597cc9', '2fa41b1e-44a1-4638-9a31-6d6ea6d7c242', ''),
       ('3d15051a-d177-419c-94e9-f1fbad65d052', '2025-12-24 12:12:33.442115', 'REFER_MONITOR_PP', null,
        'bb1e8c72-cf52-4297-94a4-3745c2a25178', '2fa41b1e-44a1-4638-9a31-6d6ea6d7c242', ''),
       ('fc1c58b3-5790-4b01-b336-05c5bb447523', '2026-01-02 10:53:14.792700', 'REFER_MONITOR_PP', null,
        '5540420d-7754-41aa-b985-3d1d11597cc9', '94e824e0-8ca7-4e31-8069-432f120c7af7', ''),
       ('d7490f18-cecb-4ffd-bd0f-7a6a5c8e9075', '2026-01-02 10:55:13.822918', 'REFER_MONITOR_PP', null,
        '76b2f8d8-260c-4766-a716-de9325292609', 'a51c9c18-1e93-425e-b674-bd597ae9680d', ''),
       ('8db2d8c5-6b26-4ea7-a42b-8602843e523a', '2026-01-02 10:55:47.167362', 'REFER_MONITOR_PP', null,
        'bb1e8c72-cf52-4297-94a4-3745c2a25178', 'cc81a437-fec0-447b-860a-230e4f12fbf4', ''),
       ('068318b3-3ce6-4f23-872c-857d28c12cd3', '2026-01-02 10:56:20.404667', 'REFER_MONITOR_PP', null,
        'bb1e8c72-cf52-4297-94a4-3745c2a25178', '2c1f9bfe-8388-4028-ae8d-d3cfb76d74f1', ''),
       ('bbf90390-3fcd-41f7-912a-25c73b826a4b', '2026-01-02 10:56:51.160589', 'REFER_MONITOR_PP', null,
        'bb1e8c72-cf52-4297-94a4-3745c2a25178', '64202ae4-d40b-4ac4-ae44-c0087048dbb8', ''),
       ('3bcde349-570d-4055-8692-50d52258597a', '2026-01-05 11:53:16.779848', 'REFER_MONITOR_PP', null,
        'c7afd853-b776-4bbd-8f8d-f868b755279a', '2c1f9bfe-8388-4028-ae8d-d3cfb76d74f1', 'Test 2026')
on conflict (id) do nothing;

-- ============================================================
-- referral_reporting_location
-- ============================================================

insert into public.referral_reporting_location (id, referral_id, pdu_name, reporting_team, region_name)
values ('bfe381b9-4da0-4967-82ec-f444d61b0c49', 'd855fe22-906e-44fd-bb2e-f0ed169bb9a7', 'All Greater Manchester',
        'Unallocated Team(N50)', 'Greater Manchester'),
       ('bfdf41bb-94f8-46f4-bf99-c03f4ba42cf3', '4573fa93-af3f-4a5c-a109-9811ecd81dc0', 'All Greater Manchester',
        'Unallocated Team(N50)', 'Greater Manchester'),
       ('bc224a51-bd5b-4ade-8a8c-5bdd502c9293', 'ede94f6c-8f56-4ffc-93ff-f69fecfcca2d', 'All Greater Manchester',
        'Unallocated Team(N50)', 'Greater Manchester'),
       ('54427705-2bc1-44c2-9b56-df6139ab2199', 'be81fe61-aaef-49ac-9be6-09cd469a2431', 'All Greater Manchester',
        'Unallocated Team(N50)', 'Greater Manchester'),
       ('6092af3b-eccd-463c-891b-b21bf8ed8633', 'cc81a437-fec0-447b-860a-230e4f12fbf4', 'All Greater Manchester',
        'Unallocated Team(N50)', 'Greater Manchester'),
       ('0f7e4710-6ffd-4a1c-8e39-d03cdce791f3', '5f58d0b0-cd6b-4f13-826a-c4a9e40d3795', 'All Greater Manchester',
        'Unallocated Team(N50)', 'Greater Manchester'),
       ('7aa9936d-2f42-4ad6-b740-09cf57b566e6', 'a51c9c18-1e93-425e-b674-bd597ae9680d', 'All Greater Manchester',
        'Unallocated Team(N50)', 'Greater Manchester'),
       ('25e188ca-b408-47df-b501-8cbf16e19048', '2fa41b1e-44a1-4638-9a31-6d6ea6d7c242', 'All Greater Manchester',
        'Unallocated Team(N50)', 'Greater Manchester'),
       ('1f95e6ff-6634-4464-b192-5eb6839f1a65', '94e824e0-8ca7-4e31-8069-432f120c7af7', 'All Greater Manchester',
        'Unallocated Team(N50)', 'Greater Manchester'),
       ('b7246c02-8e9d-425a-a12d-038c62c8fbb2', '2c1f9bfe-8388-4028-ae8d-d3cfb76d74f1', 'All Greater Manchester',
        'Unallocated Team(N50)', 'Greater Manchester'),
       ('cbe86cf9-bd05-4f7a-ad4b-994382cc6b62', 'f630dc77-60d9-49e6-9f1a-e094ac3389c0', 'All Greater Manchester',
        'Unallocated Team(N50)', 'Greater Manchester'),
       ('14d43001-829d-4149-a9c3-b9c14fb3d3d3', '80f8645c-f395-4cd8-95db-02d4f50c2f3a', 'All Greater Manchester',
        'Unallocated Team(N50)', 'Greater Manchester'),
       ('c9d83b38-bd01-4b84-a38f-da6c0a4ad369', '64202ae4-d40b-4ac4-ae44-c0087048dbb8', 'All Greater Manchester',
        'Unallocated Team(N50)', 'Greater Manchester'),
       ('5e681c1f-ea2e-4f30-8d91-8e1b9deae7d1', '21ca9b65-c679-4884-a6dc-7ddbb7b89119', 'All Greater Manchester',
        'Unallocated Team(N50)', 'Greater Manchester'),
       ('71c67738-f239-49c8-9d3c-1cfe9113141f', 'e1bd9ab4-2490-41a0-9811-bacd68071b4f', 'All Greater Manchester',
        'Unallocated Team(N50)', 'Greater Manchester'),
       ('3eb5d896-88ad-4873-875c-c862ffec0a5e', 'b986e676-12d3-405a-a728-f184aad0342b', 'All Greater Manchester',
        'Unallocated Team(N50)', 'Greater Manchester'),
       ('53b63ded-c5a0-45ab-80c9-435b4e1999aa', '745b5cc6-4bd4-496a-841a-227dec071ad1', 'All Greater Manchester',
        'Unallocated Team(N50)', 'Greater Manchester'),
       ('e9415193-9181-45a7-bcf1-331aa182f880', '6b2d701c-9401-4469-9d33-2ceae02a9e88', 'All Greater Manchester',
        'Unallocated Team(N50)', 'Greater Manchester')
on conflict (id) do nothing;

-- ============================================================
-- facilitator
-- ============================================================

insert into public.facilitator (id, person_name, ndelius_person_code, ndelius_team_code, ndelius_team_name)
values ('3338bfe0-dfc1-4478-9823-8dadb57dfa82', 'Titus Cobio', 'N02P002', 'N02T01', 'OMU A '),
       ('0126dcda-74ca-4845-9116-0e21477be539', 'Grace Skelmiss', 'N02P014', 'N02T01', 'OMU A '),
       ('87e37e52-b6e4-47bf-8b05-5f52d71e7dcf', 'Von Cereghio', 'N02P034', 'N02T03', 'OMU C'),
       ('bdfe24b5-266c-455d-a348-8c7dfb522004', 'Armand McCage', 'N02P006', 'N02T01', 'OMU A '),
       ('cb76e4ef-abf4-42c1-aaf1-983d0eda1ad0', 'Jody Dania', 'N02P052', 'N02T04', 'OMU D'),
       ('c2bffdad-5aac-4d0d-b88c-d2a85ff5bb57', 'Carrie Sofern', 'N02P022', 'N02T02', 'OMU B'),
       ('72a14c25-42ea-415b-bbd1-b0b43540aa73', 'Unallocated Staff', 'N02T01U', 'N02T01', 'OMU A '),
       ('d765db98-2f15-49a4-bbd2-639a0e0c668d', 'James Samhim', 'N02P004', 'N02T01', 'OMU A '),
       ('e7aed6e6-a8ba-4a7b-beb5-e3305e8602db', 'Shona Cabag', 'N02P038', 'N02T03', 'OMU C'),
       ('d61c7ef5-6a05-4ec3-9a3d-a5683c8cc32f', 'Joseph Hollinshead', 'N54A025', 'N02T04', 'OMU D'),
       ('ab583296-57dd-4bac-811b-1cff4588001b', 'Chloe Ransom', 'N02P003', 'N02T01', 'OMU A '),
       ('b145d20a-13a4-43f0-94c3-2b159a0cd6fa', 'Ruby Umver', 'N02P005', 'N02T01', 'OMU A '),
       ('d0c32027-245a-4b7d-951a-280ece89050f', 'Sophie Pheim', 'N02P009', 'N02T01', 'OMU A '),
       ('bca83a60-3b1f-4062-b2b9-0b2477aee796', 'Andy Washy', 'N02P029', 'N02T02', 'OMU B'),
       ('a740cc20-8848-4ed0-9e7d-68c1ea344385', 'Alfie Rhenal', 'N02P008', 'N02T01', 'OMU A '),
       ('43c75581-d0e4-402a-a79a-8ae210682eef', 'Archibald Queeny', 'N02P007', 'N02T01', 'OMU A '),
       ('8efc5d6c-f90c-4391-bca0-eed966b72ec1', 'Andi Thertine', 'N02P011', 'N02T01', 'OMU A '),
       ('e46d2d94-ac08-4226-b1b7-716e31930db0', 'Hong Harvley', 'N02P019', 'N02T02', 'OMU B'),
       ('b637c56d-84fd-4216-9ff1-fe10cb3592a2', 'Andy Adamczak', 'N02A008', 'N02T03', 'OMU C'),
       ('be8a96d1-cf78-4bf8-b3e8-40a5526b0352', 'Katherlen Bostleman', 'N02P026', 'N02T02', 'OMU B'),
       ('24479939-6b77-4906-bdc5-74a95a89a77c', 'Irmagad Barrish', 'N02P027', 'N02T02', 'OMU B'),
       ('a4dc8a4a-578c-4062-9562-0a48e241fd60', 'R&MP Practitioner', 'N02P054', 'N02T04', 'OMU D'),
       ('30ecce7b-da78-4766-b4e6-79071d81c194', 'Andy Affolter', 'N02A010', 'N02T01', 'OMU A '),
       ('c97c09fa-c515-43d7-8238-2b508f8bc2ce', 'Alex Johnson', 'AJ12345', 'NTPT', 'North Tyneside Programme Team'),
       ('0fc30728-aa90-4a33-b82b-80c3b8fdb8e0', 'Priya Singh', 'PS54321', 'NTPT', 'North Tyneside Programme Team'),
       ('c45c7ab7-22c3-4879-9ddc-40cf63a9f4e2', 'Lydia Clifton', 'N02P048', 'N02T04', 'OMU D')
on conflict (id) do nothing;

-- ============================================================
-- programme_group
-- ============================================================

insert into public.programme_group (id, code, created_at, created_by_username, updated_at, updated_by_username,
                                    deleted_at, deleted_by_username, cohort, sex, is_ldc, region_name, started_at_date,
                                    delivery_location_name, probation_delivery_unit_name, earliest_possible_start_date,
                                    probation_delivery_unit_code, delivery_location_code, treatment_manager_id,
                                    accredited_programme_template_id)
values ('4d32229c-da69-4f21-9039-f19ee3b5477e', 'Building Choices 1', '2025-12-24 12:14:26.376657', 'REFER_MONITOR_PP',
        null, null, null, null, 'GENERAL_OFFENCE', 'MALE', false, 'NPS North East', null, 'Middlesbrough (Albert Rd)',
        'Cleveland', '2026-01-05', 'N02CLE', 'DTVALB1', 'c45c7ab7-22c3-4879-9ddc-40cf63a9f4e2',
        '3442732f-9a0d-4981-8f9e-54e622e72211'),
       ('e4369a4e-18e7-4645-aa70-e35693a5c94f', 'Building Choices 2', '2025-12-23 10:37:51.003655',
        'REFER_MONITOR_PP', null, null, null, null, 'GENERAL_OFFENCE', 'FEMALE', true, 'NPS North East', null,
        'Middlesbrough (Borough Rd)', 'Cleveland', '2099-12-09', 'N02CLE', 'DTVBOR1',
        'a4dc8a4a-578c-4062-9562-0a48e241fd60', '3442732f-9a0d-4981-8f9e-54e622e72211'),
       ('3554d2ec-4e6d-4a92-8a21-b5ce00f8b16d', 'Building Choices 3', '2026-01-05 14:59:04.778715',
        'REFER_MONITOR_PP', null, null, null, null, 'GENERAL_OFFENCE', 'FEMALE', true, 'NPS North East', null,
        'Middlesbrough (Borough Rd)', 'Cleveland', '2099-12-09', 'N02CLE', 'DTVBOR1',
        'a4dc8a4a-578c-4062-9562-0a48e241fd60', '3442732f-9a0d-4981-8f9e-54e622e72211'),
       ('21a2359e-7731-41de-b78e-5faebb3d37ab', 'Building Choices 4', '2025-12-23 14:04:20.922003',
        'REFER_MONITOR_PP', null, null, null, null, 'GENERAL_OFFENCE', 'FEMALE', true, 'NPS North East', null,
        'Middlesbrough (Borough Rd)', 'Cleveland', '2099-12-09', 'N02CLE', 'DTVBOR1',
        'a4dc8a4a-578c-4062-9562-0a48e241fd60', '3442732f-9a0d-4981-8f9e-54e622e72211'),
       ('12cff917-3552-43f8-aa8b-52f654058da0', 'Building Choices 5', '2025-12-22 12:18:49.621325',
        'REFER_MONITOR_PP', null, null, null, null, 'GENERAL_OFFENCE', 'FEMALE', true, 'NPS North East', null,
        'Middlesbrough (Borough Rd)', 'Cleveland', '2099-12-09', 'N02CLE', 'DTVBOR1',
        'a4dc8a4a-578c-4062-9562-0a48e241fd60', '3442732f-9a0d-4981-8f9e-54e622e72211'),
       ('8f8f517c-ce59-4a07-8ac4-04dd5181cd98', 'Building Choices 6', '2026-01-01 08:14:07.272790',
        'REFER_MONITOR_PP', null, null, null, null, 'GENERAL_OFFENCE', 'FEMALE', true, 'NPS North East', null,
        'Middlesbrough (Borough Rd)', 'Cleveland', '2099-12-09', 'N02CLE', 'DTVBOR1',
        'a4dc8a4a-578c-4062-9562-0a48e241fd60', '3442732f-9a0d-4981-8f9e-54e622e72211'),
       ('9487caf1-10dc-4071-99d8-a323d02f41f0', 'Building Choices 7', '2026-01-02 08:15:01.440799',
        'REFER_MONITOR_PP', null, null, null, null, 'GENERAL_OFFENCE', 'FEMALE', true, 'NPS North East', null,
        'Middlesbrough (Borough Rd)', 'Cleveland', '2099-12-09', 'N02CLE', 'DTVBOR1',
        'a4dc8a4a-578c-4062-9562-0a48e241fd60', '3442732f-9a0d-4981-8f9e-54e622e72211')
on conflict (id) do nothing;

-- ============================================================
-- programme_group_membership
-- ============================================================

INSERT INTO programme_group_membership(id, programme_group_id, referral_id, created_at, created_by_username, deleted_at,
                                       deleted_by_username)
VALUES ('34110c1e-4b08-43bd-a01f-333103232cfd', '12cff917-3552-43f8-aa8b-52f654058da0',
        '39fde7e8-d2e3-472b-8364-5848bf673aa6', now(), 'AUTH_USER', null, null)
on conflict (id) do nothing;
