-- Insert referrals
INSERT INTO referral (id,
                      person_name,
                      crn,
                      created_at,
                      intervention_type,
                      intervention_name,
                      setting,
                      event_id,
                      event_number,
                      cohort,
                      sourced_from,
                      sentence_end_date,
                      sex,
                      date_of_birth)
VALUES ('39fde7e8-d2e3-472b-8364-5848bf673aa6',
        'Edgar Schiller',
        'X718250',
        '2025-07-30 14:51:22.086567',
        'ACP',
        'Building Choices',
        'COMMUNITY',
        '2500828798',
        1,
        'SEXUAL_OFFENCE',
        'LICENCE_CONDITION',
        '2027-04-28',
        'Male',
        '1989-04-18'),
       ('54b1a0ac-ab67-4dde-871f-b59b675cbc8c',
        'Omar Pfeffer',
        'X718252',
        '2025-07-30 14:51:22.086567',
        'ACP',
        'New Me',
        'COMMUNITY',
        '2500828799',
        1,
        'GENERAL_OFFENCE',
        'LICENCE_CONDITION',
        '2027-04-28',
        'Male',
        '1989-04-18'),
       ('6885d1f6-5958-40e0-9448-1ff8cc37e643',
        'Karen Puckett',
        'D002399',
        '2025-07-30 14:51:22.086567',
        'ACP',
        'Horizon',
        'COMMUNITY',
        '2500825678',
        1,
        'GENERAL_OFFENCE',
        'REQUIREMENT',
        '2027-04-28',
        'Female',
        '1989-04-18'),
       ('81229aaa-bb3a-4705-8015-99052bafab58',
        'Valerie Wyman',
        'X718255',
        '2025-07-30 14:51:22.086567',
        'ACP',
        'Building Choices',
        'COMMUNITY',
        '3457828798',
        1,
        'SEXUAL_OFFENCE',
        'LICENCE_CONDITION',
        '2027-04-28',
        'Female',
        '1989-04-18'),
       ('a8a83c3e-d779-47d5-849f-bb2635666344',
        'Sadie Borer',
        'X718253',
        '2025-07-30 14:51:22.086567',
        'ACP',
        'Building Choices',
        'COMMUNITY',
        '7619828798',
        1,
        'GENERAL_OFFENCE',
        'REQUIREMENT',
        '2027-04-28',
        'Female',
        '1989-04-18'),
       ('aabbadf7-a427-436e-b1a4-f27dd5893c24',
        'Mr Joye Hatto',
        'D007523',
        '2025-07-30 14:51:22.086567',
        'ACP',
        'Building Choices',
        'COMMUNITY',
        '0987628798',
        1,
        'GENERAL_OFFENCE',
        'LICENCE_CONDITION',
        '2027-04-28',
        'Male',
        '1989-04-18');

-- Insert referral status history
INSERT INTO referral_status_history (id,
                                     referral_id,
                                     referral_status_description_id,
                                     created_at,
                                     created_by,
                                     start_date)
VALUES ('85b59ec2-bd8f-43c4-90f5-3d55b39331b2',
        '39fde7e8-d2e3-472b-8364-5848bf673aa6',
        '76b2f8d8-260c-4766-a716-de9325292609',
        now(),
        'USER_ID_12345',
        now()),
       ('c23d4744-2acc-4cec-848d-fd253f942420',
        '54b1a0ac-ab67-4dde-871f-b59b675cbc8c',
        '76b2f8d8-260c-4766-a716-de9325292609',
        now(),
        'USER_ID_12345',
        now()),
       ('1aff155c-9187-4147-ad42-3f4fa399bc16',
        '6885d1f6-5958-40e0-9448-1ff8cc37e643',
        '76b2f8d8-260c-4766-a716-de9325292609',
        now(),
        'USER_ID_12345',
        now()),
       ('2cb94a8a-82d1-4b85-bac0-99e92c5b1577',
        '81229aaa-bb3a-4705-8015-99052bafab58',
        '76b2f8d8-260c-4766-a716-de9325292609',
        now(),
        'USER_ID_12345',
        now()),
       ('625aaf5d-9913-4e24-8c91-158e9e584b56',
        'a8a83c3e-d779-47d5-849f-bb2635666344',
        '76b2f8d8-260c-4766-a716-de9325292609',
        '2025-07-10 00:00:00.000000',
        'USER_ID_12345',
        '2025-07-10 00:00:00.000000'),
       ('54c7937c-d598-4274-aff9-b40b0e0d80bd',
        'aabbadf7-a427-436e-b1a4-f27dd5893c24',
        '76b2f8d8-260c-4766-a716-de9325292609',
        '2025-07-11 00:00:00.000000',
        'USER_ID_12345',
        '2025-07-11 00:00:00.000000');

-- Insert referral reporting locations
INSERT INTO referral_reporting_location (id,
                                         referral_id,
                                         pdu_name,
                                         reporting_team)
VALUES ('83fae84a-5b42-49db-aab8-d93f2b046b7f',
        '39fde7e8-d2e3-472b-8364-5848bf673aa6',
        'London',
        'London Office 1'),
       ('2bf474ea-e8c0-4ea0-9ae6-c28e00ce2637',
        '54b1a0ac-ab67-4dde-871f-b59b675cbc8c',
        'London',
        'London Office 1'),
       ('6e8670e6-a8c3-4277-be90-de77d2d6f48d',
        '6885d1f6-5958-40e0-9448-1ff8cc37e643',
        'London',
        'London Office 2'),
       ('49dc5636-c4d8-4ac4-a6b2-71269dd5d509',
        '81229aaa-bb3a-4705-8015-99052bafab58',
        'Manchester',
        'Manchester Office 1'),
       ('4bbe3e81-6762-4734-aba8-37d54faac7ae',
        'a8a83c3e-d779-47d5-849f-bb2635666344',
        'Manchester',
        'Manchester Office 2'),
       ('30aa270f-a8c8-4b26-baca-cac4ffecb792',
        'aabbadf7-a427-436e-b1a4-f27dd5893c24',
        'Liverpool',
        'Liverpool Office 1');

INSERT INTO facilitator (id, person_name, ndelius_person_code, ndelius_team_code, ndelius_team_name)
VALUES ('a4dc8a4a-578c-4062-9562-0a48e241fd60', 'R&MP Practitioner', 'N02P054', 'N02T04', 'OMU D');


INSERT INTO programme_group (id, code, created_at, created_by_username, updated_at, updated_by_username,
                             deleted_at, deleted_by_username, cohort, sex, is_ldc, region_name, started_at_date,
                             delivery_location_name, probation_delivery_unit_name, earliest_possible_start_date,
                             probation_delivery_unit_code, delivery_location_code, treatment_manager_id,
                             accredited_programme_template_id)
VALUES ('12cff917-3552-43f8-aa8b-52f654058da0', 'TEST GROUP 1', now(),
        'REFER_MONITOR_PP', null, null, null, null, 'GENERAL_OFFENCE', 'FEMALE', true, 'NPS North East', null,
        'Middlesbrough (Borough Rd)', 'Cleveland', '2099-12-09', 'N02CLE', 'DTVBOR1',
        'a4dc8a4a-578c-4062-9562-0a48e241fd60', '3442732f-9a0d-4981-8f9e-54e622e72211');


INSERT INTO programme_group_membership(id, programme_group_id, referral_id, created_at, created_by_username, deleted_at,
                                       deleted_by_username)
VALUES ('34110c1e-4b08-43bd-a01f-333103232cfd', '12cff917-3552-43f8-aa8b-52f654058da0',
        '39fde7e8-d2e3-472b-8364-5848bf673aa6', now(), 'AUTH_USER', null, null);